{"meta": {"format": 3, "version": "7.11.2", "timestamp": "2025-12-06T10:20:46.337572", "branch_coverage": false, "show_contexts": false}, "files": {"src/chuk_mcp_math/number_theory/sieve_algorithms.py": {"executed_lines": [3, 22, 23, 24, 25, 32, 53, 73, 74, 77, 78, 81, 82, 85, 86, 88, 89, 92, 96, 97, 98, 99, 101, 104, 129, 149, 150, 151, 152, 155, 158, 161, 162, 165, 166, 167, 168, 169, 172, 173, 176, 177, 178, 179, 180, 181, 183, 186, 215, 235, 236, 239, 242, 243, 246, 249, 250, 251, 252, 253, 256, 257, 260, 261, 262, 263, 264, 267, 268, 269, 270, 271, 274, 275, 276, 277, 278, 281, 282, 283, 284, 285, 287, 288, 289, 291, 299, 328, 349, 350, 353, 356, 357, 360, 361, 364, 365, 368, 369, 370, 373, 376, 378, 381, 382, 385, 386, 387, 388, 389, 391, 394, 395, 397, 400, 429, 447, 448, 450, 451, 454, 456, 457, 460, 461, 462, 465, 466, 467, 468, 471, 472, 475, 476, 477, 478, 479, 480, 481, 482, 483, 484, 487, 491, 492, 494, 495, 496, 497, 498, 500, 501, 502, 505, 507, 515, 528, 546, 547, 550, 551, 554, 555, 557, 558, 560, 561, 563, 564, 567, 568, 571, 572, 573, 575, 578, 591, 609, 610, 613, 616, 617, 620, 621, 623, 624, 627, 628, 629, 632, 633, 636, 637, 645, 674, 694, 695, 698, 699, 700, 703, 704, 706, 707, 708, 711, 712, 713, 715, 719, 720, 723, 724, 726, 729, 762, 783, 784, 787, 788, 791, 794, 797, 799, 807, 836, 853, 855, 862, 863, 866, 868, 869, 870, 871, 872, 874, 875, 877, 884, 890, 891, 892, 893, 898, 899, 901, 911, 944, 961, 962, 965, 967, 971, 972, 973, 974, 977, 978, 979, 982, 983, 984, 987, 990, 991, 992, 994, 1011, 1035, 1086], "summary": {"covered_lines": 269, "num_statements": 303, "percent_covered": 88.77887788778878, "percent_covered_display": "89", "missing_lines": 34, "excluded_lines": 3}, "missing_lines": [93, 488, 886, 887, 895, 968, 1037, 1038, 1040, 1043, 1044, 1045, 1047, 1048, 1050, 1051, 1054, 1055, 1056, 1059, 1060, 1061, 1064, 1065, 1066, 1069, 1070, 1071, 1073, 1074, 1077, 1078, 1079, 1083], "excluded_lines": [1086, 1087, 1089], "functions": {"sieve_of_eratosthenes": {"executed_lines": [73, 74, 77, 78, 81, 82, 85, 86, 88, 89, 92, 96, 97, 98, 99, 101], "summary": {"covered_lines": 16, "num_statements": 17, "percent_covered": 94.11764705882354, "percent_covered_display": "94", "missing_lines": 1, "excluded_lines": 0}, "missing_lines": [93], "excluded_lines": []}, "sieve_of_sundaram": {"executed_lines": [149, 150, 151, 152, 155, 158, 161, 162, 165, 166, 167, 168, 169, 172, 173, 176, 177, 178, 179, 180, 181, 183], "summary": {"covered_lines": 22, "num_statements": 22, "percent_covered": 100.0, "percent_covered_display": "100", "missing_lines": 0, "excluded_lines": 0}, "missing_lines": [], "excluded_lines": []}, "sieve_of_atkin": {"executed_lines": [235, 236, 239, 242, 243, 246, 249, 250, 251, 252, 253, 256, 257, 260, 261, 262, 263, 264, 267, 268, 269, 270, 271, 274, 275, 276, 277, 278, 281, 282, 283, 284, 285, 287, 288, 289, 291], "summary": {"covered_lines": 37, "num_statements": 37, "percent_covered": 100.0, "percent_covered_display": "100", "missing_lines": 0, "excluded_lines": 0}, "missing_lines": [], "excluded_lines": []}, "segmented_sieve": {"executed_lines": [349, 350, 353, 356, 357, 360, 361, 364, 365, 368, 369, 370, 373, 376, 378, 381, 382, 385, 386, 387, 388, 389, 391, 394, 395, 397], "summary": {"covered_lines": 26, "num_statements": 26, "percent_covered": 100.0, "percent_covered_display": "100", "missing_lines": 0, "excluded_lines": 0}, "missing_lines": [], "excluded_lines": []}, "wheel_sieve": {"executed_lines": [447, 448, 450, 451, 454, 456, 457, 460, 461, 462, 465, 466, 467, 468, 471, 472, 475, 476, 477, 478, 479, 480, 481, 482, 483, 484, 487, 491, 492, 494, 495, 496, 497, 498, 500, 501, 502, 505, 507], "summary": {"covered_lines": 39, "num_statements": 40, "percent_covered": 97.5, "percent_covered_display": "98", "missing_lines": 1, "excluded_lines": 0}, "missing_lines": [488], "excluded_lines": []}, "prime_counting_sieve": {"executed_lines": [546, 547, 550, 551, 554, 555, 557, 558, 560, 561, 563, 564, 567, 568, 571, 572, 573, 575], "summary": {"covered_lines": 18, "num_statements": 18, "percent_covered": 100.0, "percent_covered_display": "100", "missing_lines": 0, "excluded_lines": 0}, "missing_lines": [], "excluded_lines": []}, "mertens_function_sieve": {"executed_lines": [609, 610, 613, 616, 617, 620, 621, 623, 624, 627, 628, 629, 632, 633, 636, 637], "summary": {"covered_lines": 16, "num_statements": 16, "percent_covered": 100.0, "percent_covered_display": "100", "missing_lines": 0, "excluded_lines": 0}, "missing_lines": [], "excluded_lines": []}, "linear_sieve": {"executed_lines": [694, 695, 698, 699, 700, 703, 704, 706, 707, 708, 711, 712, 713, 715, 719, 720, 723, 724, 726], "summary": {"covered_lines": 19, "num_statements": 19, "percent_covered": 100.0, "percent_covered_display": "100", "missing_lines": 0, "excluded_lines": 0}, "missing_lines": [], "excluded_lines": []}, "incremental_sieve": {"executed_lines": [783, 784, 787, 788, 791, 794, 797, 799], "summary": {"covered_lines": 8, "num_statements": 8, "percent_covered": 100.0, "percent_covered_display": "100", "missing_lines": 0, "excluded_lines": 0}, "missing_lines": [], "excluded_lines": []}, "sieve_performance_analysis": {"executed_lines": [853, 855, 862, 863, 866, 868, 869, 870, 871, 872, 874, 875, 877, 884, 890, 891, 892, 893, 898, 899, 901], "summary": {"covered_lines": 21, "num_statements": 24, "percent_covered": 87.5, "percent_covered_display": "88", "missing_lines": 3, "excluded_lines": 0}, "missing_lines": [886, 887, 895], "excluded_lines": []}, "prime_gap_sieve": {"executed_lines": [961, 962, 965, 967, 971, 972, 973, 974, 977, 978, 979, 982, 983, 984, 987, 990, 991, 992, 994], "summary": {"covered_lines": 19, "num_statements": 20, "percent_covered": 95.0, "percent_covered_display": "95", "missing_lines": 1, "excluded_lines": 0}, "missing_lines": [968], "excluded_lines": []}, "test_sieve_algorithms": {"executed_lines": [], "summary": {"covered_lines": 0, "num_statements": 28, "percent_covered": 0.0, "percent_covered_display": "0", "missing_lines": 28, "excluded_lines": 0}, "missing_lines": [1037, 1038, 1040, 1043, 1044, 1045, 1047, 1048, 1050, 1051, 1054, 1055, 1056, 1059, 1060, 1061, 1064, 1065, 1066, 1069, 1070, 1071, 1073, 1074, 1077, 1078, 1079, 1083], "excluded_lines": []}, "": {"executed_lines": [3, 22, 23, 24, 25, 32, 53, 104, 129, 186, 215, 299, 328, 400, 429, 515, 528, 578, 591, 645, 674, 729, 762, 807, 836, 911, 944, 1011, 1035, 1086], "summary": {"covered_lines": 28, "num_statements": 28, "percent_covered": 100.0, "percent_covered_display": "100", "missing_lines": 0, "excluded_lines": 3}, "missing_lines": [], "excluded_lines": [1086, 1087, 1089]}},